<?xml version="1.0" encoding="UTF-8"?>
<odoo>
    <data noupdate = '1'> 

          <record id="object0" model="website_demo.website_demo">
            <field name="name">Sakshi</field>
            <field name="value">0</field>
          </record>

          <record id="object1" model="website_demo.website_demo">
            <field name="name">Ashi</field>
            <field name="value">10</field>
          </record>

          <record id="object2" model="website_demo.website_demo">
            <field name="name">Niharika</field>
            <field name="value">20</field>
          </record>

          <record id="object3" model="website_demo.website_demo">
            <field name="name">Samaira</field>
            <field name="value">30</field>
          </record>

          <record id="object4" model="website_demo.website_demo">
            <field name="name">Devanshi</field>
            <field name="value">40</field>
          </record>

    </data>
</odoo>