<?xml version="1.0" encoding="UTF-8"?>
<odoo>

    <template id="employee_template" name="Employee Details Form">

        <t t-call="website.layout">
            <section class='container'>
            <t t-set="title">Employee Details Form</t>

            <t t-block="content">
                <div class="container mt-5">
                    <h3>Employee Details Form</h3>
                    <form method="post" class="oe_form_container">
                        <div class="row">
                            <div class="col-md-6">
                                <div class="form-group">
                                    <label for="employee_name" class="form-label">Employee Name</label>
                                    <input type="text" name="employee_name" class="form-control" />
                                </div>
                                <div class="form-group">
                                    <label for="city" class="form-label">City</label>
                                    <input type="text" name="city" class="form-control" />
                                </div>
                                <div class="form-group">
                                    <label for="work_experience" class="form-label">Work Experience</label>
                                    <input type="text" name="work_experience" class="form-control" />
                                </div>
                                <div class="form-group">
                                    <label for="phone_number" class="form-label">Phone Number</label>
                                    <input type="text" name="phone_number" class="form-control" />
                                </div>
                                <br />
                                <button type="submit" class="btn btn-primary">Submit</button>
                                <br />
                            </div>
                        </div>
                    </form>
                </div>
            </t>

            <t t-block="slider">
                <div id="carouselExample" class="carousel slide">
                    <div class="carousel-inner">
                        <div class="carousel-item active">

                            <img src="web/image/website_demo.odoo1_img" class="d-block w-100"
                                alt="Not Available" />
                        </div>
                        <div class="carousel-item">
                            <img src="web/image/website_demo.odoo1_img" class="d-block w-100"
                                alt="Not Available" />
                        </div>
                        <div class="carousel-item">
                            <img src="web/image/website_demo.odoo1_img" class="d-block w-100"
                                alt="Not Available" />
                        </div>
                    </div>
                    <button class="carousel-control-prev" type="button"
                        data-bs-target="#carouselExample" data-bs-slide="prev">
                        <span class="carousel-control-prev-icon" aria-hidden="true"></span>
                        <span class="visually-hidden">Previous</span>
                    </button>
                    <button class="carousel-control-next" type="button"
                        data-bs-target="#carouselExample" data-bs-slide="next">
                        <span class="carousel-control-next-icon" aria-hidden="true"></span>
                        <span class="visually-hidden">Next</span>
                    </button>
                </div>
            </t>
        </section>
        </t>
        
    </template>
    <record id="website_demo.odoo1_img" model="ir.attachment">
        <field name="public" eval="True" />
        <field name="name">odoo1.jpeg</field>
        <field name="type">url</field>
        <field name="url">/website_demo/static/src/img/odoo1.jpeg</field>
    </record>

</odoo>