<?xml version="1.0" encoding="utf-8"?>
<odoo>
    <template id="carousel_static_snippet" name="Carousel Snippet">
        <section class="container">
            <div id="carouselExample" class="carousel slide">
                <div class="carousel-inner">
                  <div class="carousel-item active">
                    <img src="website_demo/static/src/img/odoo1.jpeg" class="d-block w-100" alt="Not Available"/>
                  </div>
                  <div class="carousel-item">
                    <img src="website_demo/static/src/img/odoo2.jpeg" class="d-block w-100" alt="Not Available"/>
                  </div>
                  <div class="carousel-item">
                    <img src="website_demo/static/src/img/odoo3.jpeg" class="d-block w-100" alt="Not Available"/>
                  </div>
                </div>
                <button class="carousel-control-prev" type="button" data-bs-target="#carouselExample" data-bs-slide="prev">
                  <span class="carousel-control-prev-icon" aria-hidden="true"></span>
                  <span class="visually-hidden">Previous</span>
                </button>
                <button class="carousel-control-next" type="button" data-bs-target="#carouselExample" data-bs-slide="next">
                  <span class="carousel-control-next-icon" aria-hidden="true"></span>
                  <span class="visually-hidden">Next</span>
                </button>
              </div>
        </section>
     </template>
   
     <template id="external_snippets_static" inherit_id="website.snippets" priority="8">
        <xpath expr="//div[@id='snippet_feature']//t[@t-snippet][last()]" position="after">
                 <t t-snippet="website_demo.basic_snippet_static" t-thumbnail ='website_demo/static/src/img/snippet.png'/>
                 <t t-snippet="website_demo.banner_static_snippet" />
         </xpath>
      </template> 

</odoo>