<?xml version="1.0" encoding="utf-8"?>
<odoo>
    <template id="nav_static_snippet" name="Basic Snippet">
        <section class = 'section_container'>
        <nav class="navbar navbar-expand-lg bg-body-tertiary">

            <div class="container-fluid">
              <button class="navbar-toggler" type="button" data-bs-toggle="collapse" data-bs-target="#navbarTogglerDemo01" aria-controls="navbarTogglerDemo01" aria-expanded="false" aria-label="Toggle navigation">
                <span class="navbar-toggler-icon"></span>
              </button>
            
              <div class="collapse navbar-collapse" id="navbarTogglerDemo01">
                <a class="navbar-brand" href="#">Hidden brand</a>
                <ul class="navbar-nav me-auto mb-2 mb-lg-0">
                  <li class="nav-item">
                    <a class="nav-link active" aria-current="page" href="#">Home</a>
                  </li>
                  <li class="nav-item">
                    <a class="nav-link" href="#">Link</a>
                  </li>
                  <li class="nav-item">
                    <a class="nav-link disabled" aria-disabled="true">Disabled</a>
                  </li>
                </ul>
                <form class="d-flex" role="search">
                  <input class="form-control me-2" type="search" placeholder="Search" aria-label="Search"/>
                  <button class="btn btn-outline-success" type="submit">Search</button>
                </form>
              </div>
            </div>
          </nav></section>
     </template>
     
     <template id="external_snippets_static" inherit_id="website.snippets" priority="8">
        <xpath expr="//div[@id='snippet_feature']//t[@t-snippet][last()]" position="after">
                 <t t-snippet="website_demo.nav_static_snippet" t-thumbnail ='website_demo/static/src/img/snippet.png'/>
                 <t t-snippet="website_demo.banner_static_snippet" />
                 <t t-snippet="website_demo.carousel_static_snippet" />
                 <t t-snippet="website_demo.scss_integrated_snippet" />
         </xpath>
      </template> 

</odoo>
