<?xml version="1.0" encoding="utf-8"?>
<odoo>
    <template id="scss_integrated_snippet" name="scss snippet">
       
        <section class = 'scss_container'>
            <lable for ='text1' class= 'label1'>name:</lable>
            <input type='Textfield'  id = 'text1'/>
            <lable for ='text1' class= 'label2'>name:</lable>
            <input type='Textfield'  id = 'text2'/>
            <lable for ='text1' class= 'label3'>name:</lable>
            <input type='Textfield'  id = 'text3'/>
            <lable for ='text1' class= 'label4'>name:</lable>
            <input type='Textfield'  id = 'text4'/>

        </section>
        
    </template>

</odoo>
